species,region,total_air,sqm,sum_sq_air,sum_sq,sum_air_xm,var_b,se_b,cv_b,b,area,pop_est,pop_var,pop_se_1,pop_se_2
81,1,16,56.25,68,1631.25,120,0.0012955098805277165,0.03599319214139969,0.48928245567215206,0.0735632183908046,17949,1320,417370.0147715305,646.0418057459831,119.96695159451359
81,2,75,56.25,711,731.25,562.5,0.03171597633136093,0.17808979850446496,0.23151673805580444,0.7692307692307693,9431,7255,2820938.2186982236,1679.564889695609,465.82748694357986
81,3,16,56.25,64,731.25,120,0.00504930966469428,0.0710584946694924,0.43301270189221935,0.1641025641025641,15979,2622,1289232.3648126232,1135.443686323819,314.91541780325997
81,4,0,56.25,0,618.75,0,0,0,NA,0,12311,0,0,0,0
