spp,species,sum_sqx,sum_sqy,sum_xy,sum_air,sum_grd,r,var_top,var_bottom,var_r,se_r,cvr_r,min_year,max_year,total_years
1,1,5604,8850,4522,394,446,1.131979695431472,5793.218119508361,152250.69230769228,0.038050520701741766,0.1950654267207333,0.17232237248423524,2019,2021,2
2,2,1313,27067,2358,183,1053,5.754098360655738,43403.63988175223,33389.920118343194,1.299902477391908,1.1401326578043047,0.1981427126098649,2008,2021,13
3,3,436,11748,784,114,754,6.614035087719298,20450.2136041859,12912.692307692305,1.583729644979101,1.2584632076382292,0.19027162555803465,2015,2021,6
4,4,3406,11512,5004,252,458,1.8174603174603174,4573.426933736457,62282.76923076922,0.0734300512039062,0.2709797985162477,0.14909805507880877,2019,2021,2
5,5,989,16319,1724,155,825,5.32258064516129,25984.978147762748,23953.920118343198,1.0847902146865818,1.0415326277590067,0.19568188763957095,2008,2021,13
